,u_x1,u_x2,u_x3,u_y
1000,0.8368548,0.2092137,0.08368548,0.7986629
1001,1.2108485,0.3027121,0.12108485,0.8870232
1002,-0.18256474,-0.045641184,-0.018256474,0.42756975
1003,1.1371492,0.2842873,0.113714926,0.872262
1004,-0.027056891,-0.006764223,-0.0027056893,0.48920715
1005,0.83667165,0.20916791,0.08366717,0.7986114
1006,0.0037645344,0.0009411336,0.00037645345,0.5015018
1007,-0.6881163,-0.17202908,-0.06881163,0.24568975
1008,0.6228479,0.15571198,0.062284794,0.7333077
1009,-0.21071133,-0.052677833,-0.021071134,0.41655624
1010,-1.3631972,-0.3407993,-0.13631973,0.086410165
1011,-0.17356998,-0.043392494,-0.017356997,0.43110168
1012,-1.1514144,-0.2878536,-0.115141444,0.12478089
1013,-0.139866,-0.0349665,-0.0139866,0.4443829
1014,-0.85695827,-0.21423957,-0.085695826,0.1957339
1015,0.9055321,0.22638303,0.09055322,0.8174082
1016,-0.31973794,-0.079934485,-0.031973794,0.37458348
1017,1.0401603,0.26004007,0.10401603,0.8508673
1018,0.46519247,0.11629812,0.046519246,0.67910314
1019,0.09008971,0.022522427,0.009008971,0.535892
1020,1.2365258,0.30913144,0.12365258,0.89186835
1021,0.21666771,0.054166928,0.02166677,0.5857663
1022,1.8117014,0.45292535,0.18117015,0.9649838
1023,-0.15133108,-0.03783277,-0.015133108,0.43985724
1024,0.6512356,0.1628089,0.06512356,0.74255276
1025,-0.13447721,-0.033619303,-0.0134477215,0.44651258
1026,-0.6173924,-0.1543481,-0.061739244,0.26848793
1027,1.1621583,0.29053956,0.116215825,0.87741435
1028,-1.5539539,-0.38848847,-0.15539539,0.060097694
1029,-0.13901329,-0.034753323,-0.01390133,0.4447198
1030,-1.658158,-0.4145395,-0.1658158,0.048642755
1031,1.5224001,0.38060004,0.15224002,0.9360455
1032,0.23156531,0.057891328,0.023156531,0.59156215
1033,-0.5472443,-0.13681108,-0.054724433,0.29210544
1034,-1.1655585,-0.2913896,-0.11655585,0.121896505
1035,0.38672733,0.09668183,0.038672734,0.6505209
1036,-1.1671187,-0.29177967,-0.11671187,0.1215812
1037,0.4235043,0.10587607,0.04235043,0.6640363
1038,0.84072506,0.21018127,0.08407251,0.799749
1039,-0.032519836,-0.008129959,-0.0032519836,0.48702872
1040,-0.7523935,-0.18809837,-0.07523935,0.2259072
1041,0.1498035,0.037450876,0.014980351,0.55954015
1042,0.4155621,0.10389052,0.04155621,0.6611347
1043,0.74395585,0.18598896,0.07439559,0.7715484
1044,-1.256834,-0.3142085,-0.12568341,0.10440683
1045,-0.03904024,-0.00976006,-0.0039040241,0.48442912
1046,-0.21154426,-0.052886065,-0.021154426,0.41623127
1047,0.01912679,0.0047816974,0.0019126789,0.50763
1048,0.81259555,0.20314889,0.081259556,0.791775
1049,0.35383472,0.08845868,0.035383474,0.6382686
1050,0.41245043,0.10311261,0.041245043,0.6599953
1051,0.08208055,0.020520138,0.008208055,0.53270864
1052,0.5387648,0.1346912,0.05387648,0.70497537
1053,1.0982624,0.2745656,0.109826244,0.863955
1054,-0.46572444,-0.11643111,-0.046572443,0.32070637
1055,-1.7101912,-0.4275478,-0.17101912,0.043615222
1056,1.1595093,0.28987733,0.115950935,0.87687564
1057,-0.89456004,-0.22364001,-0.08945601,0.18551111
1058,0.4615297,0.115382425,0.04615297,0.67779064
1059,0.04764416,0.01191104,0.0047644163,0.51900005
1060,-1.496912,-0.374228,-0.14969121,0.06720805
1061,0.036292944,0.009073236,0.0036292945,0.5144756
1062,1.6443391,0.41108477,0.16443391,0.9499469
1063,-0.031165523,-0.007791381,-0.0031165525,0.48756874
1064,1.1944326,0.29860815,0.11944326,0.88384557
1065,-1.506797,-0.37669924,-0.1506797,0.06593132
1066,-0.08635363,-0.021588407,-0.008635364,0.46559262
1067,-0.901212,-0.225303,-0.0901212,0.18373775
1068,0.3337383,0.083434574,0.03337383,0.63071144
1069,1.6302134,0.40755334,0.16302134,0.9484718
1070,-0.8177125,-0.20442812,-0.08177125,0.20676064
1071,-0.80171776,-0.20042944,-0.08017178,0.21135807
1072,-0.40312043,-0.10078011,-0.040312044,0.3434298
1073,0.37351468,0.09337867,0.03735147,0.64561725
1074,0.5874261,0.14685653,0.058742613,0.72154117
1075,-1.2769804,-0.3192451,-0.12769805,0.10080457
1076,-1.9195045,-0.47987613,-0.19195046,0.027460217
1077,-1.4408611,-0.36021528,-0.14408611,0.074811935
1078,0.009422098,0.0023555246,0.00094220985,0.5037588
1079,0.1278322,0.03195805,0.012783221,0.5508591
1080,0.75756675,0.18939169,0.07575668,0.7756448
1081,-0.76337165,-0.19084291,-0.076337166,0.22262084
1082,-0.005014632,-0.001253658,-0.0005014632,0.49799943
1083,-0.2636957,-0.06592392,-0.02636957,0.39600718
1084,-1.2877998,-0.32194996,-0.12877999,0.09890783
1085,2.2002082,0.55005205,0.22002082,0.9861039
1086,0.14100836,0.03525209,0.014100837,0.5560683
1087,-1.5225586,-0.38063964,-0.15225586,0.063934565
1088,-0.19263868,-0.04815967,-0.01926387,0.42362094
1089,1.2489147,0.31222868,0.124891475,0.8941518
1090,-1.9950492,-0.4987623,-0.19950493,0.023018718
1091,1.2873634,0.32184085,0.12873635,0.9010161
1092,0.10830899,0.027077248,0.0108309,0.5431247
1093,-0.48960894,-0.122402236,-0.048960894,0.3122053
1094,2.670587,0.66764677,0.2670587,0.99621403
1095,0.28155786,0.070389464,0.028155787,0.6108587
1096,-0.0024203158,-0.00060507894,-0.00024203157,0.4990344
1097,-2.3533223,-0.58833057,-0.23533224,0.009303212
1098,0.89911973,0.22477993,0.089911975,0.81570554
1099,-0.15161763,-0.037904408,-0.015161763,0.43974423
1100,-0.81465566,-0.20366392,-0.081465565,0.20763469
1101,-0.43691126,-0.109227814,-0.043691125,0.33108783
1102,-1.9471692,-0.4867923,-0.19471692,0.025757194
1103,-0.9690102,-0.24225254,-0.09690102,0.16627002
1104,1.3572859,0.33932146,0.13572858,0.91265476
1105,-0.7517726,-0.18794315,-0.07517726,0.22609389
1106,0.51784116,0.12946029,0.051784117,0.6977154
1107,0.31328332,0.07832083,0.03132833,0.62296724
1108,0.23590174,0.058975436,0.023590175,0.5932455
1109,0.3099762,0.07749405,0.030997619,0.6217104
1110,-1.3321402,-0.33303505,-0.13321403,0.09140706
1111,-0.6146737,-0.15366842,-0.06146737,0.2693851
1112,-0.33588436,-0.08397109,-0.033588436,0.368479
1113,0.3468327,0.08670817,0.03468327,0.63564146
1114,0.64441395,0.16110349,0.0644414,0.74034643
1115,0.081270166,0.020317541,0.008127017,0.5323864
1116,-0.38094378,-0.095235944,-0.03809438,0.35162246
1117,0.7742025,0.19355063,0.07742026,0.78059447
1118,-0.4854428,-0.1213607,-0.04854428,0.31368113
1119,-0.01571965,-0.0039299126,-0.001571965,0.493729
1120,0.16724996,0.04181249,0.016724996,0.5664133
1121,0.1701603,0.042540073,0.017016029,0.56755793
1122,0.4164992,0.1041248,0.04164992,0.66147757
1123,2.1538637,0.5384659,0.21538638,0.9843745
1124,0.47394556,0.11848639,0.047394555,0.6822306
1125,0.13061398,0.032653496,0.013061399,0.55195963
1126,1.8302181,0.45755452,0.18302181,0.9663913
1127,0.5819258,0.14548145,0.05819258,0.71969163
1128,-0.66109234,-0.16527309,-0.06610923,0.2542765
1129,0.60518295,0.15129574,0.060518295,0.72747123
1130,-0.16860355,-0.04215089,-0.016860357,0.4330542
1131,-1.1042745,-0.27606863,-0.110427454,0.13473701
1132,-0.03146957,-0.007867392,-0.003146957,0.4874475
1133,-0.6609582,-0.16523954,-0.06609582,0.25431955
1134,0.94933575,0.23733394,0.09493358,0.82877505
1135,0.098759525,0.024689881,0.009875952,0.53933537
1136,0.29685912,0.07421478,0.029685913,0.6167129
1137,1.885696,0.471424,0.1885696,0.970332
1138,1.8159667,0.45399168,0.18159668,0.96531224
1139,0.5496319,0.13740797,0.05496319,0.708714
1140,0.85559094,0.21389773,0.08555909,0.80388796
1141,0.85066855,0.21266714,0.085066855,0.80252326
1142,0.12120895,0.030302238,0.012120895,0.5482372
1143,-0.22882545,-0.057206362,-0.022882545,0.40950227
1144,1.1184256,0.2796064,0.111842565,0.86830735
1145,-1.1628618,-0.29071546,-0.11628618,0.12244272
1146,-1.1340171,-0.28350428,-0.11340171,0.12839365
1147,-0.37115163,-0.09278791,-0.037115164,0.35526228
1148,0.41831177,0.10457794,0.041831177,0.66214037
1149,-0.07161015,-0.017902538,-0.007161015,0.47145605
1150,-1.7066486,-0.42666215,-0.17066486,0.043943644
1151,0.79408175,0.19852044,0.079408176,0.78642607
1152,0.09612195,0.024030488,0.009612195,0.5382881
1153,0.9790381,0.24475953,0.09790381,0.83621943
1154,0.8950552,0.2237638,0.089505516,0.8146212
1155,0.558513,0.13962825,0.0558513,0.7117529
1156,0.7590853,0.18977132,0.075908534,0.7760992
1157,0.9393068,0.2348267,0.093930684,0.82621336
1158,1.4434423,0.3608606,0.14434424,0.925552
1159,-0.1660642,-0.04151605,-0.01660642,0.43405318
1160,0.30051157,0.07512789,0.030051157,0.6181065
1161,-1.1968452,-0.2992113,-0.11968452,0.11568344
1162,-0.842934,-0.2107335,-0.0842934,0.19963264
1163,0.33207098,0.083017744,0.0332071,0.63008213
1164,1.186854,0.2967135,0.1186854,0.88235736
1165,0.74176306,0.18544076,0.074176304,0.7708845
1166,-1.3134493,-0.32836232,-0.13134493,0.0945158
1167,-0.27853364,-0.06963341,-0.027853364,0.39030135
1168,-1.0778952,-0.2694738,-0.10778952,0.14054024
1169,0.19626288,0.04906572,0.019626288,0.5777978
1170,-1.3873111,-0.34682778,-0.1387311,0.08267343
1171,0.8484575,0.21211438,0.08484575,0.8019084
1172,1.2269543,0.3067386,0.12269544,0.8900801
1173,0.14338511,0.035846278,0.014338511,0.55700696
1174,-0.08408128,-0.02102032,-0.008408128,0.46649587
1175,0.2119389,0.052984726,0.02119389,0.5839226
1176,-0.23231663,-0.058079157,-0.023231663,0.40814602
1177,-0.79001087,-0.19750272,-0.07900109,0.21476066
1178,-0.53479815,-0.13369954,-0.053479817,0.2963947
1179,-1.0327692,-0.2581923,-0.10327692,0.1508559
1180,1.1471437,0.28678593,0.11471438,0.87433887
1181,0.7867017,0.19667542,0.07867017,0.7842717
1182,-0.2192863,-0.054821573,-0.021928629,0.4132135
1183,0.41347227,0.103368066,0.041347228,0.66036963
1184,-0.22128487,-0.055321217,-0.022128487,0.4124353
1185,0.71084833,0.17771208,0.071084835,0.76141083
1186,-0.88535666,-0.22133917,-0.08853567,0.18798208
1187,0.5478399,0.13695997,0.05478399,0.708099
1188,0.25851685,0.06462921,0.025851686,0.60199594
1189,-1.0778389,-0.26945972,-0.10778389,0.14055276
1190,1.5486122,0.38715306,0.15486123,0.9392625
1191,-0.4049406,-0.10123515,-0.040494062,0.34276056
1192,0.020007262,0.0050018155,0.0020007263,0.5079812
1193,-0.4122395,-0.10305987,-0.04122395,0.34008193
1194,0.42688206,0.106720515,0.042688206,0.66526735
1195,-0.39997727,-0.09999432,-0.039997727,0.3445866
1196,-0.19919866,-0.049799666,-0.019919867,0.42105365
1197,-0.7467957,-0.18669893,-0.074679576,0.22759342
1198,-0.63699734,-0.15924934,-0.06369974,0.26206326
1199,-0.18137597,-0.04534399,-0.018137597,0.4280362
1200,1.3367672,0.3341918,0.13367672,0.90935063
1201,-0.7742664,-0.1935666,-0.07742664,0.21938658
1202,-0.2395935,-0.059898376,-0.023959352,0.40532267
1203,-0.5476452,-0.1369113,-0.05476452,0.29196775
1204,1.6414657,0.41036642,0.16414657,0.9496496
1205,-0.4291402,-0.10728505,-0.04291402,0.33391058
1206,-1.4099497,-0.35248742,-0.14099497,0.07927728
1207,1.0119503,0.25298756,0.10119503,0.8442191
1208,0.31449777,0.07862444,0.031449776,0.62342846
1209,-0.3902228,-0.0975557,-0.039022278,0.3481859
1210,-0.7827607,-0.19569017,-0.07827607,0.21688378
1211,1.4133532,0.3533383,0.14133532,0.921224
1212,-0.3341059,-0.08352648,-0.03341059,0.3691498
1213,-0.0579681,-0.014492025,-0.00579681,0.476887
1214,-2.1106932,-0.5276733,-0.21106933,0.017399311
1215,0.38152945,0.09538236,0.038152944,0.64859474
1216,-1.0559216,-0.2639804,-0.105592154,0.14550197
1217,0.042263962,0.010565991,0.0042263963,0.51685584
1218,0.019315973,0.004828993,0.0019315974,0.50770545
1219,-0.8931187,-0.22327967,-0.08931187,0.18589675
1220,0.5160498,0.12901245,0.051604982,0.69709015
1221,-1.4099221,-0.35248053,-0.14099221,0.07928133
1222,0.80033135,0.20008284,0.08003314,0.78824055
1223,-0.8190645,-0.20476612,-0.08190645,0.20637476
1224,-0.5170658,-0.12926646,-0.051706582,0.30255508
1225,-0.08792746,-0.021981865,-0.008792746,0.46496713
1226,0.8011408,0.2002852,0.08011408,0.7884749
1227,-0.56090677,-0.14022669,-0.05609068,0.28743052
1228,0.4128058,0.10320145,0.04128058,0.6601255
1229,0.053436887,0.013359222,0.0053436887,0.52130806
1230,-0.22386947,-0.05596737,-0.022386948,0.4114294
1231,-1.2042714,-0.30106786,-0.12042715,0.114242315
1232,0.8630302,0.21575755,0.08630302,0.80593956
1233,-1.996512,-0.499128,-0.19965121,0.022939086
1234,-1.4339156,-0.3584789,-0.14339156,0.075798154
1235,0.32025763,0.08006441,0.032025766,0.62561345
1236,-1.7139654,-0.42849135,-0.17139654,0.04326749
1237,-0.5147931,-0.12869827,-0.05147931,0.30334878
1238,-0.1976697,-0.049417425,-0.01976697,0.42165172
1239,0.46157327,0.11539332,0.046157327,0.67780626
1240,0.8753747,0.21884367,0.08753747,0.80931497
1241,0.15177011,0.03794253,0.0151770115,0.56031585
1242,-0.06888962,-0.017222404,-0.006888962,0.4725387
1243,0.47675386,0.119188465,0.047675386,0.68323123
1244,0.30977082,0.077442706,0.030977083,0.62163234
1245,-1.8136721,-0.45341802,-0.1813672,0.034864068
1246,1.9396029,0.4849007,0.1939603,0.973786
1247,0.1647675,0.041191876,0.01647675,0.5654365
1248,-0.10297912,-0.02574478,-0.010297912,0.45898974
1249,1.4422933,0.36057332,0.14422934,0.9253901
1250,1.2906642,0.32266605,0.12906642,0.9015899
1251,0.61686194,0.15421548,0.061686195,0.7313371
1252,0.86608744,0.21652186,0.086608745,0.8067789
1253,-0.56891346,-0.14222836,-0.05689135,0.28470743
1254,-0.9109813,-0.22774532,-0.09109813,0.18115258
1255,1.0596838,0.26492095,0.10596838,0.85535574
1256,-0.023662474,-0.0059156185,-0.0023662474,0.4905609
1257,-0.43935713,-0.10983928,-0.043935712,0.3302014
1258,-1.2282605,-0.30706513,-0.122826055,0.10967457
1259,0.94071746,0.23517936,0.094071746,0.82657516
1260,0.30217856,0.07554464,0.030217856,0.618742
1261,0.91578794,0.22894698,0.0915788,0.8201109
1262,0.594767,0.14869174,0.0594767,0.72400033
1263,-0.3824791,-0.095619775,-0.03824791,0.351053
1264,0.6947087,0.17367718,0.069470875,0.75638103
1265,1.6385999,0.40964997,0.16386,0.94935167
1266,0.028091326,0.0070228316,0.0028091327,0.5112053
1267,-0.7614577,-0.19036442,-0.07614577,0.22319186
1268,0.4131133,0.103278324,0.04131133,0.66023815
1269,-0.12844516,-0.03211129,-0.012844517,0.44889832
1270,-0.2574157,-0.06435393,-0.025741572,0.39842892
1271,1.749022,0.4372555,0.1749022,0.9598564
1272,2.9001353,0.7250338,0.29001352,0.998135
1273,1.2967261,0.32418153,0.12967262,0.90263724
1274,-1.0290111,-0.25725278,-0.102901116,0.15173721
1275,0.33464104,0.08366026,0.033464104,0.631052
1276,-0.98129004,-0.24532251,-0.098129004,0.16322482
1277,-0.4851554,-0.12128885,-0.04851554,0.31378305
1278,1.310276,0.327569,0.13102761,0.9049487
1279,0.18457878,0.046144694,0.018457878,0.57322025
1280,0.77732575,0.19433144,0.07773258,0.7815167
1281,-1.2013069,-0.30032673,-0.120130695,0.11481607
1282,-0.7052054,-0.17630135,-0.07052054,0.24034119
1283,0.34270868,0.08567717,0.034270868,0.63409114
1284,-1.1334381,-0.28335953,-0.11334381,0.12851512
1285,-0.12640178,-0.031600446,-0.012640178,0.4497069
1286,0.10752213,0.026880533,0.010752213,0.5428126
1287,-0.42126527,-0.10531632,-0.04212653,0.33678067
1288,-0.90424526,-0.22606131,-0.09042453,0.18293262
1289,-2.6613412,-0.6653353,-0.2661341,0.003891468
1290,-0.1403805,-0.035095125,-0.014038051,0.44417965
1291,-1.4916431,-0.37291077,-0.1491643,0.067896366
1292,0.2988845,0.07472113,0.029888451,0.6174859
1293,-0.41878456,-0.10469614,-0.041878458,0.33768678
1294,0.5116467,0.12791167,0.051164668,0.6955508
1295,-1.1936387,-0.29840967,-0.11936387,0.11630964
1296,0.12466836,0.03116709,0.012466836,0.5496069
1297,0.68206185,0.17051546,0.06820618,0.75240004
1298,0.12689112,0.03172278,0.012689113,0.5504867
1299,0.26469654,0.066174135,0.026469653,0.60437834
1300,0.28710765,0.07177691,0.028710766,0.612985
1301,0.28207523,0.07051881,0.028207524,0.61105704
1302,-2.6453793,-0.6613448,-0.26453793,0.004079938
1303,-0.5868468,-0.1467117,-0.058684684,0.27865326
1304,0.44846678,0.112116694,0.04484668,0.67309177
1305,0.68549037,0.17137259,0.06854904,0.7534827
1306,-0.89165205,-0.22291301,-0.0891652,0.18628967
1307,0.49088314,0.122720785,0.049088314,0.6882454
1308,-0.36531383,-0.09132846,-0.036531385,0.35743856
1309,-0.05789237,-0.014473093,-0.005789237,0.47691715
1310,-0.4481091,-0.11202727,-0.04481091,0.32703722
1311,-0.22258922,-0.055647306,-0.022258922,0.41192758
1312,-2.076512,-0.519128,-0.20765121,0.018923283
1313,-2.0368638,-0.50921595,-0.20368639,0.020831823
1314,-0.20251994,-0.050629985,-0.020251995,0.4197551
1315,-0.10850541,-0.027126353,-0.010850541,0.45679736
1316,-0.7260925,-0.18152313,-0.07260925,0.23389101
1317,-0.97582346,-0.24395587,-0.09758235,0.16457593
1318,1.6224694,0.40561736,0.16224694,0.9476485
1319,-1.1874354,-0.29685885,-0.11874354,0.11752796
1320,-1.6463778,-0.41159445,-0.16463779,0.049842954
1321,0.059709754,0.014927438,0.0059709754,0.5238066
1322,0.44094834,0.110237084,0.044094834,0.67037475
1323,1.1538107,0.28845268,0.11538108,0.8757111
1324,-0.26998734,-0.067496836,-0.026998734,0.39358497
1325,0.96851546,0.24212886,0.09685155,0.8336065
1326,0.048342694,0.012085673,0.0048342696,0.5192784
1327,-0.61822206,-0.15455551,-0.061822206,0.26821446
1328,1.7522894,0.43807235,0.17522894,0.96013796
1329,-1.0207369,-0.25518423,-0.10207369,0.1536895
1330,0.64650464,0.16162616,0.06465047,0.74102366
1331,-1.0040674,-0.25101686,-0.10040674,0.157673
1332,-0.675272,-0.168818,-0.0675272,0.24975145
1333,0.2326778,0.05816945,0.023267781,0.59199417
1334,0.8078826,0.20197065,0.08078826,0.7904209
1335,1.4193496,0.3548374,0.14193496,0.9221014
1336,1.2436596,0.3109149,0.12436596,0.8931875
1337,1.9403523,0.48508808,0.19403523,0.97383153
1338,2.5604744,0.6401186,0.25604746,0.9947735
1339,1.109216,0.277304,0.1109216,0.86633146
1340,-0.16337207,-0.040843017,-0.016337207,0.4351127
1341,0.9595071,0.23987678,0.095950715,0.8313483
1342,-0.05113542,-0.012783855,-0.005113542,0.47960877
1343,-0.054514036,-0.013628509,-0.0054514036,0.47826278
1344,-1.9368885,-0.4842221,-0.19368885,0.026379466
1345,0.2247546,0.05618865,0.02247546,0.5889149
1346,-0.29497522,-0.073743805,-0.029497523,0.38400638
1347,-0.43421462,-0.108553655,-0.043421462,0.3320663
1348,-0.36020985,-0.09005246,-0.036020987,0.35934508
1349,-0.8795806,-0.21989515,-0.08795806,0.18954325
1350,0.9673788,0.2418447,0.096737884,0.83332264
1351,0.5570436,0.1392609,0.055704363,0.71125114
1352,-0.3411055,-0.08527637,-0.03411055,0.36651206
1353,1.4158758,0.35396895,0.14158759,0.921594
1354,2.4489343,0.6122336,0.24489343,0.992836
1355,1.585229,0.39630726,0.1585229,0.94354284
1356,-1.5323837,-0.38309592,-0.15323837,0.06271386
1357,0.16239446,0.040598616,0.016239448,0.56450236
1358,0.5326452,0.1331613,0.053264525,0.70286036
1359,0.8708479,0.21771197,0.08708479,0.8080814
1360,-0.5047543,-0.12618858,-0.05047543,0.3068657
1361,-0.34302795,-0.08575699,-0.034302797,0.3657887
1362,-2.570578,-0.6426445,-0.25705782,0.0050764084
1363,-1.2237577,-0.30593944,-0.12237578,0.11052179
1364,-0.8910262,-0.22275655,-0.08910262,0.18645751
1365,0.33799338,0.084498346,0.03379934,0.6323159
1366,-0.636862,-0.1592155,-0.0636862,0.26210737
1367,0.5108202,0.12770505,0.051082022,0.6952615
1368,0.20686895,0.051717237,0.020686895,0.58194387
1369,-1.1827818,-0.29569545,-0.11827818,0.11844778
1370,-0.8609114,-0.21522786,-0.086091146,0.19464338
1371,1.2243913,0.30609784,0.12243914,0.88959765
1372,-2.6474118,-0.66185296,-0.26474118,0.0040555
1373,-0.555909,-0.13897724,-0.055590898,0.28913653
1374,0.7187337,0.17968343,0.071873374,0.7638475
1375,1.69697,0.4242425,0.169697,0.9551488
1376,-0.39098325,-0.09774581,-0.039098326,0.3479048
1377,1.3954124,0.3488531,0.13954125,0.9185542
1378,0.67114663,0.16778666,0.067114666,0.7489364
1379,-2.2047033,-0.55117583,-0.22047034,0.01373744
1380,1.3701056,0.3425264,0.13701056,0.914673
1381,0.21427213,0.05356803,0.021427212,0.58483255
1382,-0.12848312,-0.03212078,-0.012848312,0.4488833
1383,-1.905199,-0.47629976,-0.19051991,0.028377056
1384,0.2949473,0.073736824,0.02949473,0.6159829
1385,-0.2917281,-0.07293203,-0.029172812,0.38524723
1386,-0.8298815,-0.20747037,-0.08298815,0.20330286
1387,-0.19721115,-0.049302787,-0.019721115,0.42183113
1388,-1.9866117,-0.49665293,-0.19866118,0.02348268
1389,0.74952,0.18738,0.074952,0.77322805
1390,0.5592819,0.13982047,0.05592819,0.7120153
1391,-0.29217902,-0.073044755,-0.029217903,0.38507485
1392,1.2565547,0.31413868,0.12565547,0.8955425
1393,0.7466111,0.18665278,0.07466111,0.7723508
1394,1.3970215,0.34925538,0.13970216,0.9187964
1395,0.6628343,0.16570857,0.06628343,0.7462816
1396,0.42143035,0.10535759,0.042143036,0.66327953
1397,-0.35230327,-0.08807582,-0.035230327,0.3623054
1398,-0.6683845,-0.16709612,-0.06683845,0.25194407
1399,0.0023263388,0.0005815847,0.00023263389,0.50092804
1400,-2.2560813,-0.56402034,-0.22560814,0.012032747
1401,-1.145116,-0.286279,-0.1145116,0.12608051
1402,1.0412836,0.2603209,0.10412836,0.851128
1403,0.61604136,0.15401034,0.06160414,0.73106635
1404,-0.116018474,-0.029004619,-0.011601848,0.45381892
1405,1.84033,0.4600825,0.184033,0.9671401
1406,1.2047088,0.3011772,0.12047088,0.8858421
1407,0.9795716,0.2448929,0.09795716,0.83635116
1408,-1.6246455,-0.40616137,-0.16246454,0.052119017
1409,0.75747395,0.18936849,0.07574739,0.775617
1410,-0.627962,-0.1569905,-0.0627962,0.2650144
1411,0.2815482,0.07038705,0.02815482,0.610855
1412,-0.14830045,-0.037075114,-0.014830045,0.4410528
1413,-0.20691337,-0.05172834,-0.020691337,0.41803873
1414,-0.58982086,-0.14745522,-0.058982085,0.27765536
1415,-0.9474666,-0.23686665,-0.094746664,0.17170048
1416,0.9731234,0.24328084,0.09731234,0.834754
1417,0.31922457,0.07980614,0.031922456,0.62522185
1418,-0.6227026,-0.15567565,-0.06227026,0.26673996
1419,0.03626035,0.009065088,0.0036260353,0.5144626
1420,-1.5490135,-0.38725337,-0.15490136,0.06068921
1421,-0.16075802,-0.040189505,-0.016075803,0.43614197
1422,0.62334824,0.15583706,0.062334824,0.7334721
1423,0.5481058,0.13702644,0.05481058,0.7081903
1424,0.42159495,0.10539874,0.042159494,0.6633396
1425,0.9034467,0.22586167,0.09034467,0.81685555
1426,-0.1648761,-0.041219026,-0.016487611,0.43452072
1427,-1.0310822,-0.25777054,-0.10310822,0.15125108
1428,0.98160803,0.24540201,0.0981608,0.8368535
1429,1.167272,0.291818,0.116727196,0.8784497
1430,0.99926955,0.24981739,0.099926956,0.8411679
1431,-0.60499185,-0.15124796,-0.060499188,0.2725922
1432,1.2502271,0.31255677,0.12502271,0.89439166
1433,-0.5954923,-0.14887308,-0.05954923,0.2757572
1434,-1.5101063,-0.37752658,-0.15101063,0.06550813
1435,-1.1960799,-0.29901996,-0.119607985,0.11583269
1436,0.9464993,0.23662482,0.09464993,0.828053
1437,-0.7425826,-0.18564565,-0.07425826,0.22886717
1438,-0.9853989,-0.24634972,-0.09853989,0.16221404
1439,-0.49693033,-0.12423258,-0.049693033,0.30961907
1440,-0.88575304,-0.22143826,-0.0885753,0.18787527
1441,0.04712125,0.011780312,0.004712125,0.5187917
1442,0.745285,0.18632124,0.0745285,0.77195024
1443,-0.55016214,-0.13754053,-0.055016216,0.29110408
1444,0.2173169,0.054329224,0.02173169,0.5860193
1445,0.88943607,0.22235902,0.08894361,0.8131156
1446,-0.19352399,-0.048380997,-0.019352399,0.42327428
1447,-0.5832559,-0.14581397,-0.05832559,0.2798605
1448,0.79257053,0.19814263,0.079257056,0.78598595
1449,0.5626837,0.14067093,0.05626837,0.7131748
1450,2.0149288,0.5037322,0.20149289,0.9780439
1451,0.7477064,0.1869266,0.074770644,0.77268136
1452,-0.78171223,-0.19542806,-0.07817122,0.21719182
1453,0.5567023,0.13917558,0.05567023,0.71113455
1454,-0.09363377,-0.023408443,-0.0093633775,0.4627
1455,0.65497625,0.16374406,0.06549763,0.74375844
1456,0.72033125,0.18008281,0.07203313,0.76433945
1457,-2.1409023,-0.5352256,-0.21409023,0.016140938
1458,-0.89510226,-0.22377557,-0.089510225,0.18536615
1459,-0.43708423,-0.10927106,-0.043708425,0.33102512
1460,-0.3891025,-0.09727562,-0.03891025,0.34860015
1461,1.1669295,0.29173237,0.11669295,0.87838054
1462,-0.3155747,-0.07889368,-0.03155747,0.37616265
1463,2.1252508,0.5313127,0.21252508,0.9832171
1464,-0.790195,-0.19754875,-0.0790195,0.2147069
1465,0.77888817,0.19472204,0.07788882,0.7819772
1466,0.46745878,0.116864696,0.046745878,0.6799141
1467,-0.32712108,-0.08178027,-0.03271211,0.37178814
1468,-1.0491772,-0.2622943,-0.10491772,0.14704823
1469,-1.4986604,-0.3746651,-0.14986604,0.06698084
1470,-1.2750467,-0.31876168,-0.12750468,0.10114634
1471,0.24818349,0.062045872,0.02481835,0.59800375
1472,-0.2782311,-0.06955778,-0.027823111,0.39041746
1473,0.49221572,0.12305393,0.04922157,0.68871653
1474,2.3586414,0.58966035,0.23586415,0.990829
1475,-0.23472469,-0.05868117,-0.02347247,0.40721118
1476,-0.19756702,-0.049391754,-0.019756703,0.4216919
1477,0.33476934,0.083692335,0.033476934,0.6311004
1478,1.1163967,0.27909917,0.11163967,0.8678738
1479,1.0764109,0.26910272,0.10764109,0.85912824
1480,0.28259045,0.07064761,0.028259045,0.6112546
1481,-0.062021025,-0.015505256,-0.0062021026,0.475273
1482,0.11898533,0.029746333,0.011898533,0.5473565
1483,0.12494452,0.03123613,0.012494452,0.54971623
1484,-1.3470935,-0.33677337,-0.13470934,0.08897507
1485,-1.2043221,-0.30108052,-0.12043221,0.11423254
1486,-0.4307658,-0.10769145,-0.043076582,0.3333193
1487,0.07714108,0.01928527,0.0077141076,0.5307443
1488,0.43552625,0.10888156,0.043552626,0.6684097
1489,0.25112534,0.062781334,0.025112534,0.59914136
1490,0.7502836,0.1875709,0.07502836,0.773458
1491,0.21580759,0.053951897,0.02158076,0.5854311
1492,-1.4048843,-0.35122108,-0.14048843,0.08002782
1493,1.6340396,0.4085099,0.16340397,0.9488747
1494,0.16415235,0.04103809,0.016415237,0.56519437
1495,-1.3084407,-0.32711017,-0.13084407,0.09536195
1496,0.017131284,0.004282821,0.0017131284,0.50683403
1497,0.0966245,0.024156125,0.00966245,0.5384877
1498,-0.21106298,-0.052765746,-0.021106299,0.41641903
1499,-0.14857328,-0.03714332,-0.0148573285,0.44094515
1500,0.82578224,0.20644556,0.08257823,0.79553616
1501,0.19369678,0.048424195,0.019369679,0.5767933
1502,0.0037678212,0.0009419553,0.00037678212,0.5015031
1503,-1.1228429,-0.28071073,-0.112284295,0.13075209
1504,-0.9060777,-0.22651942,-0.09060777,0.18244731
1505,-3.587517,-0.89687926,-0.3587517,0.000166893
1506,0.8193439,0.20483598,0.08193439,0.79370487
1507,0.64284766,0.16071191,0.064284764,0.7398385
1508,0.27189732,0.06797433,0.027189732,0.6071495
1509,0.7368159,0.18420398,0.07368159,0.76938283
1510,1.1466426,0.28666064,0.11466426,0.8742353
1511,1.2203307,0.30508268,0.122033074,0.8888302
1512,0.92238235,0.23059559,0.09223824,0.8218354
1513,0.11249781,0.028124452,0.011249781,0.5447856
1514,0.3856572,0.0964143,0.03856572,0.65012467
1515,0.97022295,0.24255574,0.097022295,0.8340323
1516,1.5459329,0.38648322,0.15459329,0.9389396
1517,-0.82624227,-0.20656057,-0.08262423,0.2043333
1518,0.047691725,0.011922931,0.0047691725,0.519019
1519,-1.2226357,-0.30565894,-0.12226357,0.11073363
1520,-0.4391689,-0.109792225,-0.043916892,0.33026958
1521,0.6810437,0.17026092,0.06810437,0.75207806
1522,0.26651168,0.06662792,0.026651168,0.6050774
1523,-1.0066615,-0.25166538,-0.10066616,0.1570487
1524,1.1787843,0.29469606,0.11787843,0.8807579
1525,0.75702584,0.18925646,0.075702585,0.7754828
1526,0.4792474,0.11981185,0.04792474,0.6841186
1527,0.046808343,0.011702086,0.0046808342,0.518667
1528,-0.14035213,-0.035088032,-0.014035213,0.44419086
1529,-1.0279952,-0.2569988,-0.10279953,0.15197599
1530,1.0442438,0.26106095,0.10442438,0.8518137
1531,2.113107,0.52827674,0.2113107,0.98270416
1532,-1.5125386,-0.37813464,-0.15125386,0.06519842
1533,-0.8946444,-0.2236611,-0.08946444,0.18548858
1534,0.23835517,0.059588794,0.023835517,0.59419715
1535,-0.3491529,-0.08728822,-0.03491529,0.36348724
1536,-0.26689577,-0.06672394,-0.026689578,0.39477468
1537,-0.9956962,-0.24892405,-0.09956962,0.15969884
1538,-0.06127736,-0.01531934,-0.006127736,0.47556913
1539,-1.602744,-0.400686,-0.1602744,0.054495573
1540,-0.43738502,-0.109346256,-0.043738503,0.33091605
1541,-0.30431688,-0.07607922,-0.030431688,0.38044322
1542,0.06615178,0.016537946,0.006615178,0.5263715
1543,1.0120046,0.25300115,0.10120046,0.8442321
1544,0.41429132,0.10357283,0.041429132,0.66066957
1545,0.1594603,0.039865077,0.01594603,0.56334686
1546,2.0538485,0.5134621,0.20538485,0.9800048
1547,2.1442885,0.53607213,0.21442886,0.9839951
1548,0.68208826,0.17052206,0.06820883,0.7524084
1549,0.09453254,0.023633135,0.009453255,0.5376569
1550,0.43571714,0.108929284,0.043571714,0.66847897
1551,1.3400545,0.33501363,0.13400546,0.9098861
1552,-0.2443692,-0.0610923,-0.024436919,0.40347242
1553,0.116408214,0.029102053,0.011640822,0.54633546
1554,1.1692846,0.29232115,0.11692846,0.87885547
1555,0.11554573,0.028886432,0.011554573,0.5459937
1556,0.4946758,0.12366895,0.04946758,0.68958545
1557,-0.6779325,-0.16948313,-0.06779325,0.24890721
1558,1.9616402,0.49041006,0.19616403,0.9750978
1559,1.0114793,0.2528698,0.10114793,0.84410644
1560,-1.6017623,-0.40044057,-0.16017623,0.054604053
1561,-1.0172907,-0.25432268,-0.10172907,0.15450752
1562,-0.8747676,-0.2186919,-0.08747676,0.19085014
1563,-0.8160476,-0.2040119,-0.081604764,0.20723641
1564,-0.1133436,-0.0283359,-0.01133436,0.45487905
1565,-0.68314576,-0.17078644,-0.068314575,0.24725735
1566,0.52169585,0.13042396,0.052169587,0.6990589
1567,-0.6131725,-0.15329312,-0.061317246,0.26988113
1568,-0.97842526,-0.24460632,-0.09784253,0.16393197
1569,-1.7308031,-0.43270078,-0.17308031,0.041743398
1570,0.5061591,0.12653978,0.050615914,0.6936275
1571,-0.06508317,-0.016270792,-0.006508317,0.47405386
1572,-0.3632504,-0.0908126,-0.03632504,0.3582089
1573,0.3577761,0.08944403,0.03577761,0.6397445
1574,-1.2210876,-0.3052719,-0.12210876,0.11102641
1575,-2.380402,-0.5951005,-0.23804021,0.008646846
1576,-1.6131158,-0.40327895,-0.16131158,0.053359628
1577,0.4368743,0.109218575,0.04368743,0.6688987
1578,0.0493856,0.0123464,0.00493856,0.519694
1579,0.284516,0.071129,0.028451601,0.6119925
1580,1.0577694,0.26444235,0.10577694,0.8549197
1581,1.0014656,0.2503664,0.100146554,0.8416991
1582,1.1646225,0.29115564,0.11646225,0.8779141
1583,1.1146747,0.27866867,0.11146747,0.8675051
1584,1.2754413,0.31886032,0.12754413,0.8989234
1585,-0.37786397,-0.09446599,-0.037786398,0.3527658
1586,1.7506633,0.43766582,0.17506634,0.959998
1587,-1.1588192,-0.2897048,-0.11588192,0.12326491
1588,-1.9227409,-0.48068523,-0.1922741,0.02725625
1589,1.1229677,0.28074193,0.112296775,0.8692744
1590,1.4212396,0.3553099,0.14212397,0.9223764
1591,-0.4766676,-0.1191669,-0.047666762,0.3167994
1592,0.61386085,0.15346521,0.061386086,0.7303463
1593,-0.36433366,-0.091083415,-0.036433365,0.35780442
1594,-0.78872514,-0.19718128,-0.07887252,0.21513629
1595,-0.08329235,-0.020823088,-0.008329235,0.4668095
1596,1.8238591,0.45596477,0.1823859,0.9659133
1597,-0.3738497,-0.09346242,-0.03738497,0.35425806
1598,-0.39612335,-0.09903084,-0.039612334,0.346007
1599,1.113004,0.278251,0.1113004,0.8671466
1600,0.17124301,0.042810753,0.0171243,0.5679836
1601,1.4801387,0.37003466,0.14801387,0.9305818
1602,2.830409,0.70760226,0.2830409,0.99767554
1603,-0.30784163,-0.07696041,-0.030784164,0.3791014
1604,0.004439261,0.0011098152,0.00044392608,0.501771
1605,-0.09885366,-0.024713416,-0.009885366,0.4606272
1606,-0.98523974,-0.24630994,-0.098523974,0.16225314
1607,-1.3445132,-0.3361283,-0.13445131,0.08939123
1608,0.5813172,0.1453293,0.05813172,0.7194866
1609,0.90721047,0.22680262,0.09072105,0.81785226
1610,-1.089006,-0.2722515,-0.1089006,0.13807559
1611,-1.4946083,-0.37365207,-0.14946084,0.06750834
1612,1.1302304,0.2825576,0.11302304,0.8708104
1613,0.710754,0.1776885,0.0710754,0.7613816
1614,0.68429846,0.17107461,0.06842985,0.7531066
1615,0.9117582,0.22793955,0.09117582,0.819052
1616,-0.10581083,-0.026452707,-0.010581083,0.4578662
1617,-0.5710996,-0.1427749,-0.05710996,0.28396606
1618,-0.08181237,-0.020453092,-0.008181237,0.46739793
1619,-0.73856324,-0.18464081,-0.073856324,0.23008609
1620,0.76848364,0.19212091,0.076848365,0.7789
1621,-1.335281,-0.33382025,-0.1335281,0.090892196
1622,0.6782189,0.16955473,0.06782189,0.7511835
1623,0.58968765,0.14742191,0.058968764,0.72229993
1624,-0.20784396,-0.05196099,-0.020784397,0.41767538
1625,-0.7397456,-0.1849364,-0.073974565,0.22972715
1626,-0.6783717,-0.16959293,-0.06783717,0.24876797
1627,-1.7695073,-0.44237682,-0.17695074,0.038404584
1628,0.78247446,0.19561861,0.07824745,0.78303206
1629,-0.9666236,-0.2416559,-0.096662365,0.16686606
1630,0.661023,0.16525576,0.0661023,0.7457012
1631,-0.3201235,-0.08003087,-0.03201235,0.37443733
1632,-0.3967637,-0.09919093,-0.039676372,0.34577084
1633,-0.8152767,-0.20381917,-0.08152767,0.20745695
1634,1.4210624,0.3552656,0.14210624,0.92235065
1635,-0.47855622,-0.119639054,-0.047855623,0.31612718
1636,1.6308074,0.40770185,0.16308074,0.9485345
1637,0.43616143,0.10904036,0.043616142,0.66864014
1638,-0.12525727,-0.031314317,-0.012525727,0.4501599
1639,-1.1522868,-0.2880717,-0.115228675,0.1246016
1640,0.2699999,0.06749997,0.02699999,0.6064198
1641,-0.3823865,-0.09559663,-0.038238652,0.35108733
1642,-1.190394,-0.2975985,-0.11903941,0.11694574
1643,1.0850803,0.27127007,0.10850803,0.8610569
1644,0.99186134,0.24796534,0.09918614,0.8393674
1645,-1.7506334,-0.43765834,-0.17506334,0.04000449
1646,-1.0560473,-0.26401183,-0.10560473,0.14547324
1647,0.72593015,0.18148254,0.07259302,0.76605916
1648,-0.840015,-0.21000375,-0.084001504,0.20044994
1649,-0.43875396,-0.10968849,-0.043875396,0.3304199
1650,-1.1394821,-0.28487054,-0.11394822,0.12725103
1651,-3.096355,-0.77408874,-0.3096355,0.0009795427
1652,-0.63028264,-0.15757066,-0.06302827,0.2642548
1653,0.66694736,0.16673684,0.06669474,0.7475971
1654,1.9549899,0.48874748,0.19549899,0.97470784
1655,-1.4387954,-0.35969886,-0.14387955,0.07510424
1656,1.3376088,0.3344022,0.13376088,0.90948796
1657,-0.9983289,-0.24958223,-0.09983289,0.15905988
1658,-1.6507703,-0.41269258,-0.16507703,0.0493927
1659,-1.5148877,-0.37872192,-0.15148877,0.0649004
1660,-1.5782135,-0.39455336,-0.15782134,0.05725825
1661,-0.7252157,-0.18130392,-0.07252157,0.23415983
1662,-0.20937882,-0.052344706,-0.020937882,0.41707623
1663,1.2836467,0.32091168,0.12836467,0.90036714
1664,-0.51791203,-0.12947801,-0.051791202,0.3022598
1665,-0.30077496,-0.07519374,-0.030077497,0.38179302
1666,0.7258818,0.18147045,0.07258818,0.7660444
1667,-1.5394509,-0.38486272,-0.15394509,0.06184709
1668,-0.925312,-0.231328,-0.0925312,0.17740178
1669,0.27359036,0.06839759,0.027359037,0.60780025
1670,0.4835975,0.12089937,0.048359748,0.6856642
1671,1.2731222,0.31828055,0.12731223,0.8985126
1672,0.46477997,0.11619499,0.046478,0.67895544
1673,0.29617435,0.07404359,0.029617434,0.6164515
1674,-1.2469529,-0.31173822,-0.12469529,0.10620737
1675,-1.1113026,-0.27782565,-0.11113026,0.133219
1676,2.111752,0.527938,0.2111752,0.9826461
1677,-0.66757363,-0.16689341,-0.066757366,0.25220287
1678,0.5288316,0.1322079,0.05288316,0.7015388
1679,-0.54844385,-0.13711096,-0.054844387,0.29169357
1680,-1.8632922,-0.46582305,-0.18632923,0.031210542
1681,-1.4528118,-0.36320296,-0.14528118,0.073138
1682,0.28360257,0.07090064,0.028360257,0.6116425
1683,-0.47595003,-0.11898751,-0.047595005,0.317055
1684,1.8211648,0.4552912,0.1821165,0.9657091
1685,-1.0611279,-0.26528198,-0.10611279,0.14431584
1686,1.435465,0.35886624,0.1435465,0.9244226
1687,-1.2882532,-0.3220633,-0.12882532,0.09882891
1688,0.22918203,0.05729551,0.022918204,0.59063625
1689,0.18484412,0.04621103,0.018484412,0.5733243
1690,-0.35145605,-0.08786401,-0.035145607,0.3626231
1691,1.5969296,0.3992324,0.15969296,0.94485927
1692,0.35611722,0.089029305,0.035611723,0.63912356
1693,0.074373305,0.018593326,0.0074373307,0.5296433
1694,-0.31299788,-0.07824947,-0.03129979,0.37714112
1695,0.04509523,0.011273808,0.004509523,0.5179843
1696,-0.46963626,-0.117409065,-0.04696363,0.31930745
1697,-1.7908914,-0.44772285,-0.17908914,0.036655307
1698,0.8762882,0.21907204,0.08762882,0.8095633
1699,-0.17228726,-0.043071814,-0.017228726,0.43160582
1700,1.2894403,0.32236007,0.12894402,0.90137744
1701,-0.06551438,-0.016378595,-0.006551438,0.4738822
1702,0.6295151,0.15737878,0.06295151,0.735494
1703,1.266576,0.316644,0.1266576,0.8973465
1704,1.3705517,0.34263793,0.13705517,0.9147426
1705,0.49565807,0.12391452,0.049565807,0.6899321
1706,1.6906235,0.42265588,0.16906236,0.9545456
1707,-1.1624379,-0.29060948,-0.116243795,0.12252879
1708,-2.1793265,-0.54483163,-0.21793266,0.014653683
1709,-0.8630781,-0.21576953,-0.086307816,0.19404721
1710,0.4781359,0.11953398,0.04781359,0.6837232
1711,-0.92276394,-0.23069099,-0.092276394,0.17806506
1712,0.32202303,0.08050576,0.032202303,0.62628233
1713,-0.5434664,-0.1358666,-0.05434664,0.29340434
1714,0.77229345,0.19307336,0.07722934,0.78002965
1715,0.09824456,0.02456114,0.009824457,0.5391309
1716,-0.31931216,-0.07982804,-0.031931218,0.3747449
1717,-0.9085523,-0.22713807,-0.09085523,0.18179321
1718,0.37743896,0.09435974,0.037743896,0.64707625
1719,0.0064090677,0.0016022669,0.0006409068,0.5025568
1720,1.1671803,0.29179507,0.11671803,0.8784312
1721,0.63807106,0.15951777,0.06380711,0.73828626
1722,1.3326305,0.33315763,0.13326305,0.9086734
1723,-1.8934524,-0.4733631,-0.18934524,0.029148817
1724,0.026326481,0.0065816203,0.0026326482,0.5105015
1725,-0.36342758,-0.090856895,-0.03634276,0.35814273
1726,-0.28432512,-0.07108128,-0.028432513,0.3880806
1727,0.1160836,0.0290209,0.01160836,0.54620683
1728,1.3032658,0.32581645,0.13032658,0.9037579
1729,0.69326025,0.17331506,0.06932603,0.75592685
1730,0.24826948,0.06206737,0.02482695,0.598037
1731,-1.2844878,-0.32112196,-0.12844878,0.099485636
1732,0.07725316,0.01931329,0.0077253166,0.5307889
1733,-0.3749426,-0.09373565,-0.03749426,0.35385156
1734,-0.07729348,-0.01932337,-0.007729348,0.469195
1735,-0.18503912,-0.04625978,-0.018503912,0.42659914
1736,-0.53537023,-0.13384256,-0.053537022,0.29619694
1737,-0.3323102,-0.08307755,-0.03323102,0.3698275
1738,-0.16625234,-0.041563086,-0.016625235,0.43397915
1739,1.1712782,0.29281956,0.11712783,0.8792565
1740,-0.8622255,-0.21555637,-0.08622255,0.1942817
1741,-0.8218832,-0.2054708,-0.08218832,0.20557165
1742,-1.0581361,-0.26453403,-0.105813615,0.14499664
1743,-0.6998538,-0.17496344,-0.06998538,0.24200928
1744,-0.15977764,-0.03994441,-0.015977765,0.4365281
1745,-0.8350705,-0.20876762,-0.08350705,0.20183897
1746,-0.471929,-0.11798225,-0.0471929,0.31848872
1747,0.13401997,0.033504993,0.013401997,0.5533066
1748,-0.09402334,-0.023505835,-0.009402334,0.46254528
1749,0.52744645,0.13186161,0.052744646,0.70105815
1750,0.7095136,0.1773784,0.070951365,0.76099706
1751,-0.4073186,-0.10182965,-0.04073186,0.341887
1752,-0.24503917,-0.06125979,-0.024503917,0.40321302
1753,-0.116001025,-0.029000256,-0.011600102,0.45382583
1754,0.6299986,0.15749966,0.06299987,0.7356522
1755,0.24665438,0.061663594,0.024665438,0.5974121
1756,0.68604195,0.17151049,0.06860419,0.7536566
1757,-1.5216669,-0.38041672,-0.1521667,0.06404626
1758,0.52254885,0.13063721,0.052254885,0.69935584
1759,0.6079111,0.15197778,0.060791112,0.72837675
1760,0.21601096,0.05400274,0.021601096,0.5855104
1761,-0.7789891,-0.19474727,-0.07789891,0.21799302
1762,0.1678739,0.041968476,0.016787391,0.56665874
1763,0.08297706,0.020744264,0.008297706,0.5330651
1764,-0.2207193,-0.055179823,-0.02207193,0.41265547
1765,0.6715944,0.1678986,0.06715944,0.749079
1766,-0.48476183,-0.12119046,-0.048476186,0.31392264
1767,0.89695066,0.22423767,0.089695066,0.8151274
1768,2.0400722,0.51001805,0.20400722,0.9793284
1769,-1.2251059,-0.30627647,-0.12251059,0.11026764
1770,-0.26282364,-0.06570591,-0.026282365,0.39634323
1771,-0.4574927,-0.11437318,-0.045749273,0.32365847
1772,0.6156245,0.15390612,0.06156245,0.7309288
1773,-1.104406,-0.2761015,-0.110440604,0.13470852
1774,2.0922387,0.52305967,0.20922387,0.9817914
1775,0.8124554,0.20311385,0.08124554,0.7917348
1776,1.0606362,0.26515904,0.10606362,0.85557234
1777,0.123302184,0.030825546,0.012330218,0.54906607
1778,-1.36245,-0.3406125,-0.136245,0.08652794
1779,0.10335929,0.025839822,0.010335929,0.54116106
1780,0.49891096,0.12472774,0.049891096,0.6910789
1781,-0.6671048,-0.1667762,-0.06671048,0.2523526
1782,0.87380564,0.21845141,0.087380566,0.80888796
1783,1.2372205,0.30930513,0.123722054,0.89199734
1784,-0.33268344,-0.08317086,-0.033268344,0.3696866
1785,0.12075985,0.030189963,0.012075986,0.54805934
1786,-0.21902889,-0.054757223,-0.021902889,0.41331375
1787,-0.044452287,-0.011113072,-0.0044452287,0.4822719
1788,-0.06606419,-0.016516047,-0.0066064186,0.47366333
1789,-0.18233201,-0.045583002,-0.0182332,0.42766106
1790,1.9770304,0.4942576,0.19770305,0.9759809
1791,-1.369718,-0.3424295,-0.1369718,0.08538747
1792,1.06416,0.26604,0.106416,0.8563719
1793,-0.07751856,-0.01937964,-0.007751856,0.46910548
1794,-0.3686485,-0.092162125,-0.03686485,0.35619485
1795,-0.031681534,-0.0079203835,-0.0031681533,0.48736298
1796,1.9372113,0.48430282,0.19372113,0.9736402
1797,-0.6966047,-0.17415118,-0.06966048,0.24302506
1798,-0.69988126,-0.17497031,-0.069988124,0.2420007
1799,0.1471705,0.036792625,0.01471705,0.55850124
1800,0.060221944,0.015055486,0.0060221944,0.52401054
1801,-0.77790976,-0.19447744,-0.077790976,0.21831107
1802,1.3950635,0.34876588,0.13950635,0.9185016
1803,1.0189604,0.2547401,0.10189604,0.8458891
1804,0.22549415,0.056373537,0.022549415,0.5892025
1805,-0.38365796,-0.09591449,-0.038365796,0.35061598
1806,-0.497327,-0.12433175,-0.0497327,0.30947924
1807,-0.5686363,-0.14215907,-0.056863632,0.28480148
1808,0.35093087,0.08773272,0.035093088,0.63717985
1809,0.060011204,0.015002801,0.0060011204,0.5239266
1810,0.38939273,0.09734818,0.038939275,0.65150714
1811,-0.7206003,-0.18015008,-0.07206003,0.2355777
1812,1.0790725,0.26976812,0.10790725,0.85972226
1813,0.77687556,0.19421889,0.077687554,0.7813839
1814,-1.6815016,-0.4203754,-0.16815017,0.046332717
1815,1.6269788,0.4067447,0.16269788,0.9481292
1816,-1.3160213,-0.32900533,-0.13160214,0.09408343
1817,-0.39690694,-0.099226736,-0.039690696,0.34571803
1818,0.47489294,0.118723236,0.047489297,0.6825683
1819,-0.6378321,-0.15945803,-0.06378321,0.26179147
1820,-0.29163238,-0.072908096,-0.02916324,0.38528383
1821,-2.6484566,-0.66211414,-0.26484567,0.004042983
1822,1.551171,0.38779274,0.1551171,0.9395696
1823,-0.2947499,-0.07368747,-0.029474989,0.38409245
1824,-1.5249714,-0.38124284,-0.15249714,0.063633084
1825,1.3373758,0.33434394,0.13373758,0.90944993
1826,-0.4454245,-0.111356124,-0.04454245,0.3280065
1827,-0.5857472,-0.1464368,-0.058574717,0.2790227
1828,0.27011797,0.06752949,0.027011797,0.6064652
1829,0.5603485,0.14008713,0.05603485,0.7123791
1830,-0.13740864,-0.03435216,-0.013740865,0.44535387
1831,-0.8878836,-0.2219709,-0.08878836,0.18730164
1832,0.63100433,0.15775108,0.063100435,0.7359811
1833,1.0031633,0.25079083,0.10031634,0.84210896
1834,0.027600188,0.006900047,0.002760019,0.51100945
1835,-0.82436913,-0.20609228,-0.08243691,0.20486486
1836,-1.5894036,-0.3973509,-0.15894036,0.055984616
1837,2.229124,0.557281,0.22291242,0.98709714
1838,0.026426619,0.0066066547,0.002642662,0.51054144
1839,-0.024883486,-0.0062208716,-0.0024883486,0.49007392
1840,-1.5283043,-0.38207608,-0.15283044,0.063218474
1841,-0.30181748,-0.07545437,-0.030181749,0.38139558
1842,-0.7258171,-0.18145427,-0.07258171,0.23397541
1843,0.8333666,0.20834164,0.08333666,0.797681
1844,0.17461285,0.043653212,0.017461285,0.56930804
1845,0.29002655,0.07250664,0.029002655,0.614102
1846,1.535019,0.38375476,0.15350191,0.9376104
1847,1.1559349,0.28898373,0.11559349,0.8761461
1848,0.038203087,0.009550772,0.0038203087,0.5152371
1849,0.9540849,0.23852122,0.09540849,0.82997966
1850,0.33694604,0.08423651,0.033694606,0.6319212
1851,0.25559017,0.06389754,0.025559017,0.6008663
1852,-0.2467115,-0.061677877,-0.02467115,0.40256572
1853,0.0065244115,0.0016311029,0.0006524412,0.5026028
1854,1.1087462,0.27718654,0.110874616,0.86623013
1855,-1.7461046,-0.43652615,-0.17461047,0.040396333
1856,-0.045159094,-0.0112897735,-0.0045159096,0.48199022
1857,0.5731671,0.14329177,0.05731671,0.7167342
1858,-0.91493994,-0.22873498,-0.091493994,0.18011153
1859,-0.7597856,-0.1899464,-0.07597856,0.22369134
1860,-0.9551153,-0.23877883,-0.09551153,0.16975963
1861,-0.73798996,-0.18449749,-0.073799,0.23026025
1862,3.0560794,0.76401985,0.30560794,0.9988787
1863,1.2224544,0.3056136,0.122245446,0.88923204
1864,-0.62767154,-0.15691788,-0.062767155,0.26510954
1865,-0.38906738,-0.097266845,-0.03890674,0.34861314
1866,1.0303516,0.2575879,0.10303517,0.8485775
1867,0.8857293,0.22143233,0.088572934,0.8121183
1868,1.179092,0.294773,0.11790921,0.8808192
1869,0.4675228,0.1168807,0.04675228,0.679937
1870,-0.42559,-0.1063975,-0.042559,0.3352033
1871,-1.6429553,-0.41073883,-0.16429554,0.05019605
1872,-0.8282301,-0.20705752,-0.08282301,0.20377004
1873,-0.49714133,-0.12428533,-0.049714133,0.30954468
1874,1.2493352,0.3123338,0.12493352,0.8942287
1875,-0.05507007,-0.013767517,-0.005507007,0.4780413
1876,0.12191426,0.030478565,0.012191426,0.5485165
1877,0.82084006,0.20521002,0.08208401,0.7941313
1878,1.6183832,0.4045958,0.16183832,0.94720995
1879,-0.5960765,-0.14901912,-0.05960765,0.27556205
1880,1.051395,0.26284876,0.10513951,0.8534614
1881,0.4194167,0.104854174,0.04194167,0.66254413
1882,0.25566736,0.06391684,0.025566736,0.6008961
1883,-0.6939598,-0.17348994,-0.06939598,0.24385369
1884,-1.4681398,-0.36703494,-0.14681397,0.07103312
1885,0.38963357,0.09740839,0.03896336,0.6515962
1886,-1.0661954,-0.26654884,-0.10661954,0.14316761
1887,0.48722887,0.12180722,0.04872289,0.6869519
1888,-0.20015185,-0.05003796,-0.020015186,0.42068088
1889,1.3634869,0.34087172,0.1363487,0.9136354
1890,1.5247158,0.38117895,0.15247159,0.93633497
1891,-0.18398231,-0.04599558,-0.01839823,0.42701364
1892,-1.3297137,-0.33242843,-0.13297138,0.09180629
1893,2.0096154,0.50240386,0.20096155,0.977764
1894,1.8387641,0.45969102,0.18387641,0.96702504
1895,-0.73047465,-0.18261866,-0.07304747,0.23255002
1896,-2.233068,-0.558267,-0.2233068,0.0127722025
1897,0.25907797,0.06476949,0.025907798,0.6022124
1898,-0.7204151,-0.18010378,-0.07204151,0.23563468
1899,-0.66697776,-0.16674444,-0.06669778,0.25239313
1900,-0.6886749,-0.17216873,-0.0688675,0.24551392
1901,-0.34204912,-0.08551228,-0.03420491,0.36615694
1902,-0.808984,-0.202246,-0.0808984,0.20926213
1903,0.41888294,0.104720734,0.041888293,0.6623491
1904,1.0113901,0.25284752,0.10113901,0.8440851
1905,0.69997656,0.17499414,0.06999766,0.758029
1906,-1.1369596,-0.2842399,-0.11369596,0.12777758
1907,-0.47553712,-0.11888428,-0.047553714,0.3172021
1908,0.73072255,0.18268064,0.073072255,0.7675257
1909,0.39882663,0.09970666,0.039882664,0.6549895
1910,0.98756415,0.24689104,0.09875642,0.8383169
1911,-1.0305511,-0.25763777,-0.10305511,0.15137565
1912,0.8291465,0.20728663,0.08291465,0.79648924
1913,-0.31510177,-0.07877544,-0.031510178,0.37634218
1914,-1.3132205,-0.32830513,-0.13132206,0.094554305
1915,-0.3754716,-0.0938679,-0.03754716,0.35365486
1916,1.3377587,0.33443967,0.13377587,0.9095124
1917,2.238981,0.55974525,0.2238981,0.9874214
1918,1.1491892,0.2872973,0.114918925,0.874761
1919,0.65743965,0.16435991,0.06574397,0.7445508
1920,0.33258885,0.08314721,0.033258885,0.63027763
1921,-0.19509587,-0.048773967,-0.019509587,0.42265892
1922,-0.42877427,-0.10719357,-0.04287743,0.33404374
1923,-1.6340232,-0.4085058,-0.16340232,0.051126957
1924,-3.3690913,-0.8422728,-0.33690915,0.00037705898
1925,0.22490597,0.056226492,0.022490596,0.58897376
1926,-0.8441848,-0.2110462,-0.08441848,0.199283
1927,0.9363728,0.2340932,0.09363728,0.82545936
1928,-0.20476775,-0.051191937,-0.020476775,0.41887677
1929,-0.15487446,-0.038718615,-0.015487446,0.4384601
1930,-0.23623034,-0.059057586,-0.023623034,0.40662694
1931,-2.1222432,-0.5305608,-0.21222432,0.016908646
1932,0.44360325,0.11090081,0.044360325,0.6713352
1933,-1.0549234,-0.26373085,-0.105492346,0.14573014
1934,-0.7375569,-0.18438922,-0.07375569,0.23039186
1935,-0.7869776,-0.1967444,-0.07869776,0.21564746
1936,1.6451224,0.4112806,0.16451225,0.9500277
1937,0.9511661,0.23779152,0.09511661,0.82923996
1938,-0.86117375,-0.21529344,-0.08611738,0.19457114
1939,-0.03277725,-0.008194312,-0.003277725,0.48692608
1940,-0.9406637,-0.23516592,-0.094066374,0.17343855
1941,-1.2737033,-0.31842583,-0.12737034,0.10138428
1942,-0.87602824,-0.21900706,-0.087602824,0.1905073
1943,1.5723642,0.39309105,0.15723643,0.9420669
1944,0.9359829,0.23399572,0.09359829,0.825359
1945,0.12557003,0.031392507,0.012557003,0.54996383
1946,1.9085834,0.47714585,0.19085835,0.97184205
1947,0.90417635,0.22604409,0.09041764,0.817049
1948,0.5343147,0.13357867,0.05343147,0.70343804
1949,-1.0010067,-0.25025168,-0.100100674,0.15841174
1950,-0.5973368,-0.1493342,-0.059733685,0.27514124
1951,1.2260188,0.3065047,0.12260188,0.88990414
1952,-0.5648269,-0.14120673,-0.05648269,0.28609574
1953,-1.342546,-0.3356365,-0.1342546,0.08970952
1954,-1.857944,-0.464486,-0.1857944,0.031588435
1955,-0.85559857,-0.21389964,-0.08555986,0.19610989
1956,0.4007677,0.10019193,0.040076774,0.6557044
1957,1.6955228,0.4238807,0.16955228,0.95501184
1958,0.03220248,0.00805062,0.0032202478,0.5128447
1959,2.080712,0.520178,0.20807122,0.98126984
1960,0.6375357,0.15938392,0.06375357,0.738112
1961,-0.91266716,-0.22816679,-0.091266714,0.18070877
1962,-0.49217543,-0.12304386,-0.049217544,0.31129766
1963,0.6540941,0.16352352,0.065409414,0.74347436
1964,-0.2972109,-0.074302725,-0.02972109,0.38315272
1965,0.24401408,0.06100352,0.02440141,0.59639
1966,0.96128744,0.24032186,0.09612875,0.83179617
1967,1.2590923,0.31477308,0.12590924,0.89600146
1968,-0.85502774,-0.21375693,-0.08550277,0.19626784
1969,-0.16910914,-0.042277284,-0.016910914,0.43285537
1970,-0.11355562,-0.028388904,-0.011355562,0.454795
1971,-2.0266454,-0.50666136,-0.20266454,0.02134931
1972,0.4703686,0.11759215,0.04703686,0.6809541
1973,-0.5507184,-0.1376796,-0.055071842,0.29091334
1974,0.59489787,0.14872447,0.059489787,0.7240441
1975,0.8497837,0.21244593,0.08497837,0.8022773
1976,-0.04634872,-0.01158718,-0.004634872,0.48151612
1977,-1.3404876,-0.3351219,-0.13404876,0.090043426
1978,-0.24348417,-0.060871042,-0.024348417,0.40381515
1979,1.3602058,0.34005144,0.13602059,0.9131175
1980,1.6631796,0.4157949,0.16631797,0.95186174
1981,0.3843851,0.09609628,0.03843851,0.64965343
1982,-1.1261212,-0.2815303,-0.11261212,0.1300571
1983,-0.3123229,-0.07808073,-0.031232292,0.37739754
1984,0.944924,0.236231,0.0944924,0.82765114
1985,-1.9034078,-0.47585195,-0.19034079,0.028493643
1986,-0.16508117,-0.041270293,-0.016508117,0.43444002
1987,-0.031099755,-0.007774939,-0.0031099755,0.48759496
1988,-0.80232364,-0.20058091,-0.08023237,0.21118283
1989,-1.4087589,-0.35218972,-0.14087589,0.07945323
1990,-0.40215734,-0.100539334,-0.040215734,0.3437841
1991,-1.1729189,-0.29322973,-0.11729189,0.12041414
1992,-1.2327839,-0.30819598,-0.123278394,0.10882819
1993,-0.057535596,-0.014383899,-0.0057535595,0.47705925
1994,-1.0175039,-0.25437596,-0.10175039,0.15445685
1995,-0.3510022,-0.08775055,-0.035100218,0.36279333
1996,-0.2778736,-0.0694684,-0.027787361,0.39055467
1997,0.6042864,0.1510716,0.060428638,0.7271733
1998,-2.3804986,-0.59512466,-0.23804986,0.008644581
1999,-0.2978662,-0.07446655,-0.02978662,0.38290262
